key,date,country_name,new_confirmed,total_confirmed,new_deceased,total_deceased,new_recovered,total_recovered,new_tested,total_tested
AD,2021-05-08,Andorra,24.0,13340.0,0.0,127.0,,,,180633.0
AE,2021-05-08,United Arab Emirates,1724.0,530944.0,3.0,1604.0,,,179453.0,44799814.0
AF,2021-05-08,Afghanistan,293.0,61455.0,9.0,2673.0,,,,
AG,2021-05-08,Antigua and Barbuda,0.0,1232.0,0.0,32.0,,,,
AI,2021-05-08,Anguilla,0.0,95.0,0.0,0.0,,,,
AL,2021-05-08,Albania,92.0,131419.0,1.0,2403.0,,,2808.0,615752.0
AM,2021-05-08,Armenia,425.0,218325.0,14.0,4192.0,,,2941.0,991027.0
AN,2021-05-08,Netherlands Antilles,,,,,,,,
AO,2021-05-08,Angola,245.0,27529.0,9.0,618.0,,,,
AQ,2021-05-08,Antarctica,,,,,,,,
AR,2021-05-08,Argentina,24079.0,3071496.0,663.0,65865.0,,,11646.0,8679723.0
AS,2021-05-08,American Samoa,0.0,0.0,0.0,0.0,,,,
AT,2021-05-08,Austria,1304.0,623433.0,5.0,10073.0,2334.0,580328.0,347639.0,33242932.0
AU,2021-05-08,Australia,21.0,29886.0,0.0,910.0,,,39065.0,16946216.0
AW,2021-05-08,Aruba,42.0,10721.0,0.0,100.0,,,,
AZ,2021-05-08,Azerbaijan,1080.0,323841.0,20.0,4617.0,,,8777.0,3262655.0
BA,2021-05-08,Bosnia and Herzegovina,419.0,199882.0,23.0,8736.0,,,3112.0,907054.0
BB,2021-05-08,Barbados,31.0,3915.0,0.0,45.0,,,,
BD,2021-05-08,Bangladesh,1822.0,769160.0,41.0,11796.0,,,13431.0,5508007.0
BE,2021-05-08,Belgium,2.0,1007170.0,5.0,24406.0,,,20795.0,12642436.0
BF,2021-05-08,Burkina Faso,6.0,13345.0,0.0,161.0,,,,
BG,2021-05-08,Bulgaria,1635.0,407827.0,164.0,16773.0,,,6724.0,2535366.0
BH,2021-05-08,Bahrain,1367.0,184697.0,6.0,670.0,,,15309.0,4139497.0
BI,2021-05-08,Burundi,24.0,4093.0,0.0,6.0,,,,
BJ,2021-05-08,Benin,0.0,7884.0,0.0,100.0,,,,
BM,2021-05-08,Bermuda,2.0,2429.0,0.0,30.0,,,,
BN,2021-05-08,Brunei,1.0,229.0,0.0,3.0,,,,
BO,2021-05-08,Bolivia,1835.0,312407.0,41.0,13123.0,,,14124.0,1170951.0
BQ,2021-05-08,Caribbean Netherlands,,,,,,,,
BR,2021-05-08,Brazil,73380.0,15003563.0,2550.0,416949.0,61763.0,13591335.0,,6421441.0
BS,2021-05-08,Bahamas,52.0,10711.0,0.0,211.0,,,,
BT,2021-05-08,Bhutan,17.0,1161.0,0.0,1.0,,,4321.0,711726.0
BV,2021-05-08,Bouvet Island,,,,,,,,
BW,2021-05-08,Botswana,0.0,47851.0,0.0,724.0,,,,
BY,2021-05-08,Belarus,1138.0,363732.0,10.0,2592.0,,,19354.0,5895273.0
BZ,2021-05-08,Belize,5.0,12680.0,0.0,323.0,,,,
CA,2021-05-08,Canada,7981.0,1265320.0,39.0,24489.0,8299.0,1159506.0,0.0,31897888.0
CC,2021-05-08,Cocos Islands,,,,,,,,
CD,2021-05-08,Democratic Republic of the Congo,59.0,30130.0,0.0,770.0,,,360.0,
CF,2021-05-08,Central African Republic,153.0,6674.0,2.0,93.0,,,,
CG,2021-05-08,Republic of the Congo,0.0,11016.0,0.0,147.0,,,,
CH,2021-05-08,Switzerland,3.0,669067.0,0.0,10110.0,,,9181.0,6569404.0
CI,2021-05-08,Ivory Coast,58.0,46231.0,0.0,291.0,,,1852.0,598706.0
CK,2021-05-08,Cook Islands,0.0,0.0,0.0,0.0,,,,
CL,2021-05-08,Chile,6202.0,1196402.0,169.0,26895.0,0.0,44946.0,60737.0,0.0
CM,2021-05-08,Cameroon,4126.0,74733.0,80.0,1144.0,,,,
CN,2021-05-08,China,28.0,103759.0,0.0,4858.0,59.0,92275.0,,160000000.0
CO,2021-05-08,Colombia,5.0,2951101.0,34.0,88101.0,18376.0,2773220.0,55286.0,14959048.0
CR,2021-05-08,Costa Rica,2555.0,260535.0,16.0,3326.0,,,9016.0,830762.0
CU,2021-05-08,Cuba,1060.0,112714.0,7.0,701.0,,,22938.0,3700029.0
CV,2021-05-08,Cape Verde,417.0,25159.0,1.0,229.0,,,1157.0,
CW,2021-05-08,Curaçao,5.0,12218.0,2.0,113.0,,,,
CX,2021-05-08,Christmas Island,,,,,,,,
CY,2021-05-08,Cyprus,562.0,67982.0,1.0,327.0,,,47621.0,5227671.0
CZ,2021-05-08,Czech Republic,1559.0,1642696.0,22.0,29608.0,105.0,1568113.0,14495.0,6861419.0
DE,2021-05-08,Germany,21953.0,3473503.0,250.0,84126.0,,,,55421229.0
DJ,2021-05-08,Djibouti,39.0,11307.0,1.0,148.0,,,,
DK,2021-05-08,Denmark,988.0,255470.0,1.0,2492.0,,,171691.0,24322447.0
DM,2021-05-08,Dominica,0.0,174.0,0.0,0.0,,,,
DO,2021-05-08,Dominican Republic,623.0,269184.0,5.0,3514.0,,,4311.0,1410731.0
DZ,2021-05-08,Algeria,273.0,123272.0,10.0,3299.0,,,,
EC,2021-05-08,Ecuador,2279.0,395327.0,111.0,19018.0,,,5810.0,1240408.0
EE,2021-05-08,Estonia,383.0,124529.0,4.0,1187.0,,,4931.0,1318022.0
EG,2021-05-08,Egypt,1110.0,234015.0,59.0,13714.0,,,,
EH,2021-05-08,Western Sahara,,,,,,,,
ER,2021-05-08,Eritrea,26.0,3707.0,0.0,12.0,,,,
ES,2021-05-08,Spain,20.0,3559241.0,0.0,78722.0,,,,
ET,2021-05-08,Ethiopia,785.0,260139.0,23.0,3795.0,,,4008.0,2590091.0
FI,2021-05-08,Finland,254.0,88332.0,2.0,918.0,,,7979.0,4530893.0
FJ,2021-05-08,Fiji,4.0,129.0,1.0,3.0,,,1736.0,54988.0
FK,2021-05-08,Falkland Islands,0.0,63.0,0.0,0.0,,,,
FM,2021-05-08,Micronesia,0.0,0.0,0.0,0.0,,,,
FO,2021-05-08,Faroe Islands,0.0,668.0,0.0,1.0,,,,
FR,2021-05-08,France,21712.0,5728090.0,219.0,105850.0,347768.0,59320841.0,479036.0,77792623.0
GA,2021-05-08,Gabon,0.0,23201.0,0.0,140.0,,,,
GB,2021-05-08,United Kingdom,1144.0,4428553.0,3.0,127583.0,,,1218491.0,161933673.0
GD,2021-05-08,Grenada,0.0,161.0,0.0,1.0,,,,
GE,2021-05-08,Georgia,1806.0,317719.0,20.0,4227.0,,,31958.0,4156000.0
GF,2021-05-08,French Guiana,148.0,20226.0,0.0,104.0,,,,
GG,2021-05-08,Guernsey,0.0,822.0,0.0,14.0,,,,
GH,2021-05-08,Ghana,88.0,92828.0,3.0,783.0,,,11815.0,1087417.0
GI,2021-05-08,Gibraltar,3.0,4286.0,0.0,94.0,,,,
GL,2021-05-08,Greenland,0.0,31.0,0.0,0.0,,,,
GM,2021-05-08,Gambia,8.0,5922.0,0.0,175.0,,,301.0,59489.0
GN,2021-05-08,Guinea,100.0,22468.0,2.0,148.0,,,,
GQ,2021-05-08,Equatorial Guinea,0.0,7694.0,0.0,112.0,,,,
GR,2021-05-08,Greece,2091.0,352027.0,96.0,10764.0,,,71099.0,8165612.0
GS,2021-05-08,South Georgia and the South Sandwich Islands,,,,,,,,
GT,2021-05-08,Guatemala,1150.0,232439.0,35.0,7677.0,,,1182.0,1266989.0
GU,2021-05-08,Guam,4.0,7799.0,1.0,139.0,,,,
GW,2021-05-08,Guinea-Bissau,1.0,3738.0,0.0,67.0,,,,
GY,2021-05-08,Guyana,173.0,13829.0,2.0,308.0,,,,
HK,2021-05-08,Hong Kong,2.0,11799.0,0.0,210.0,,,,12935888.0
HM,2021-05-08,Heard Island and McDonald Islands,,,,,,,,
HN,2021-05-08,Honduras,1131.0,216964.0,53.0,5439.0,,,,
HR,2021-05-08,Croatia,1640.0,341052.0,40.0,7355.0,,,9040.0,1836108.0
HT,2021-05-08,Haiti,0.0,13164.0,0.0,263.0,,,,
HU,2021-05-08,Hungary,1680.0,787647.0,124.0,28297.0,,,8408.0,4987309.0
ID,2021-05-08,Indonesia,6327.0,1703632.0,167.0,46663.0,5891.0,1558423.0,35713.0,9931245.0
IE,2021-05-08,Ireland,415.0,251087.0,7.0,4915.0,,,18052.0,4512912.0
IL,2021-05-08,Israel,28.0,838767.0,1.0,6370.0,,,37922.0,16213910.0
IM,2021-05-08,Isle of Man,0.0,1590.0,0.0,29.0,,,,
IN,2021-05-08,India,414188.0,21491598.0,3915.0,234083.0,,,1663742.0,293310779.0
IO,2021-05-08,British Indian Ocean Territory,,,,,,,,
IQ,2021-05-08,Iraq,6233.0,1098187.0,33.0,15673.0,,,31746.0,9408134.0
IR,2021-05-08,Iran,18409.0,2610018.0,338.0,73906.0,,,121490.0,16379357.0
IS,2021-05-08,Iceland,6.0,6497.0,0.0,29.0,,,1622.0,353467.0
IT,2021-05-08,Italy,11807.0,4082198.0,258.0,122263.0,15867.0,3557133.0,324640.0,60203970.0
JE,2021-05-08,Jersey,0.0,3234.0,0.0,69.0,,,,
JM,2021-05-08,Jamaica,144.0,46338.0,4.0,798.0,,,1325.0,333911.0
JO,2021-05-08,Jordan,1007.0,717930.0,26.0,9014.0,,,19377.0,6704884.0
JP,2021-05-08,Japan,4871.0,620994.0,72.0,10589.0,,,44186.0,11368154.0
KE,2021-05-08,Kenya,489.0,161393.0,20.0,2825.0,,,1779.0,1675310.0
KG,2021-05-08,Kyrgyzstan,320.0,97278.0,3.0,1640.0,,,,
KH,2021-05-08,Cambodia,0.0,17621.0,0.0,114.0,,,,
KI,2021-05-08,Kiribati,0.0,0.0,0.0,0.0,,,,
KM,2021-05-08,Comoros,1.0,3917.0,0.0,146.0,,,,
KN,2021-05-08,Saint Kitts and Nevis,0.0,45.0,0.0,0.0,,,,
KP,2021-05-08,North Korea,0.0,0.0,0.0,0.0,,,,
KR,2021-05-08,South Korea,525.0,126044.0,9.0,1860.0,,,52755.0,8879059.0
KW,2021-05-08,Kuwait,1236.0,281772.0,11.0,1621.0,,,8172.0,2343069.0
KY,2021-05-08,Cayman Islands,0.0,545.0,0.0,2.0,,,,
KZ,2021-05-08,Kazakhstan,0.0,385491.0,0.0,4542.0,,,55929.0,10307341.0
LA,2021-05-08,Laos,105.0,1177.0,0.0,0.0,,,,
LB,2021-05-08,Lebanon,1017.0,531234.0,25.0,7415.0,,,,
LC,2021-05-08,Saint Lucia,17.0,4602.0,1.0,75.0,,,,
LI,2021-05-08,Liechtenstein,2.0,2963.0,0.0,57.0,0.0,2839.0,0.0,40804.0
LK,2021-05-08,Sri Lanka,1895.0,119424.0,25.0,745.0,,,18584.0,2838402.0
LR,2021-05-08,Liberia,3.0,2113.0,0.0,85.0,,,,
LS,2021-05-08,Lesotho,16.0,10749.0,1.0,319.0,,,,
LT,2021-05-08,Lithuania,1392.0,254091.0,7.0,4000.0,,,18724.0,2859711.0
LU,2021-05-08,Luxembourg,208.0,67850.0,0.0,800.0,,,2165.0,2675294.0
LV,2021-05-08,Latvia,358.0,120736.0,7.0,2166.0,,,5517.0,2270202.0
LY,2021-05-08,Libya,266.0,179193.0,1.0,3059.0,,,3187.0,
MA,2021-05-08,Morocco,360.0,513016.0,6.0,9049.0,,,7668.0,5766301.0
MC,2021-05-08,Monaco,3.0,2471.0,0.0,32.0,,,,
MD,2021-05-08,Moldova,316.0,251820.0,23.0,5892.0,,,,
ME,2021-05-08,Montenegro,0.0,97924.0,0.0,1517.0,,,,
MG,2021-05-08,Madagascar,127.0,38116.0,8.0,690.0,,,1470.0,185806.0
MH,2021-05-08,Marshall Islands,0.0,4.0,0.0,0.0,,,,
MK,2021-05-08,Macedonia,323.0,153137.0,24.0,5016.0,,,2276.0,723111.0
ML,2021-05-08,Mali,29.0,13998.0,1.0,493.0,,,,
MM,2021-05-08,Myanmar,45.0,142903.0,1.0,3210.0,,,879.0,2482290.0
MN,2021-05-08,Mongolia,940.0,42464.0,12.0,142.0,,,13011.0,2710815.0
MO,2021-05-08,Macau,1.0,47.0,0.0,0.0,0.0,46.0,,
MP,2021-05-08,Northern Mariana Islands,0.0,168.0,0.0,2.0,,,,
MQ,2021-05-08,Martinique,0.0,11139.0,0.0,79.0,,,,
MR,2021-05-08,Mauritania,39.0,18542.0,1.0,456.0,,,674.0,254282.0
MS,2021-05-08,Montserrat,0.0,20.0,0.0,1.0,,,,
MT,2021-05-08,Malta,30.0,30411.0,0.0,416.0,,,2036.0,871099.0
MU,2021-05-08,Mauritius,0.0,1241.0,0.0,17.0,,,,
MV,2021-05-08,Maldives,703.0,33368.0,3.0,77.0,,,3523.0,744720.0
MW,2021-05-08,Malawi,20.0,34143.0,2.0,1151.0,,,257.0,225576.0
MX,2021-05-08,Mexico,2.0,2358831.0,0.0,218173.0,,,1325.0,6227640.0
MY,2021-05-08,Malaysia,3551.0,427927.0,19.0,1610.0,,,58585.0,9540805.0
MZ,2021-05-08,Mozambique,21.0,70052.0,1.0,818.0,,,807.0,521012.0
NA,2021-05-08,Namibia,120.0,49323.0,4.0,667.0,,,2001.0,388574.0
NC,2021-05-08,New Caledonia,0.0,124.0,0.0,0.0,,,,
NE,2021-05-08,Niger,23.0,5309.0,0.0,192.0,,,,
NF,2021-05-08,Norfolk Island,,,,,,,,
NG,2021-05-08,Nigeria,40.0,165273.0,0.0,2063.0,,,11989.0,1939165.0
NI,2021-05-08,Nicaragua,0.0,5575.0,0.0,183.0,,,,
NL,2021-05-08,Netherlands,6789.0,1538589.0,24.0,17269.0,,,,8861243.0
NO,2021-05-08,Norway,484.0,114434.0,10.0,767.0,,,7054.0,5165916.0
NP,2021-05-08,Nepal,8970.0,368580.0,54.0,3529.0,,,16117.0,2504476.0
NR,2021-05-08,Nauru,0.0,0.0,0.0,0.0,,,,
NU,2021-05-08,Niue,0.0,0.0,0.0,0.0,,,,
NZ,2021-05-08,New Zealand,1.0,2278.0,0.0,26.0,,,2729.0,2031925.0
OM,2021-05-08,Oman,772.0,199344.0,12.0,2083.0,,,2682.0,
PA,2021-05-08,Panama,356.0,365975.0,4.0,6252.0,,,5698.0,2404887.0
PE,2021-05-08,Peru,5768.0,1824457.0,302.0,62976.0,,,5496.0,3195388.0
PF,2021-05-08,French Polynesia,1.0,18776.0,0.0,141.0,,,,
PG,2021-05-08,Papua New Guinea,0.0,11630.0,0.0,121.0,,,,
PH,2021-05-08,Philippines,6637.0,1080172.0,191.0,17991.0,0.0,158872.0,34299.0,11229219.0
PK,2021-05-08,Pakistan,4197.0,845833.0,108.0,18537.0,,,37587.0,11965682.0
PL,2021-05-08,Poland,6427.0,2818378.0,511.0,68993.0,,,42878.0,14084044.0
PN,2021-05-08,Pitcairn Islands,0.0,0.0,0.0,0.0,,,,
PR,2021-05-08,Puerto Rico,141.0,133846.0,11.0,2348.0,,,,
PS,2021-05-08,Palestine,651.0,329228.0,9.0,3594.0,,,3233.0,
PT,2021-05-08,Portugal,387.0,838102.0,2.0,16983.0,335.0,30049.0,15303.0,10633251.0
PW,2021-05-08,Palau,0.0,0.0,0.0,0.0,,,,
PY,2021-05-08,Paraguay,2307.0,288974.0,76.0,6798.0,,,6063.0,1102653.0
QA,2021-05-08,Qatar,593.0,209470.0,4.0,493.0,,,4882.0,1918009.0
RE,2021-05-08,Réunion,0.0,21451.0,0.0,150.0,,,,
RO,2021-05-08,Romania,1422.0,1063949.0,89.0,28799.0,3614.0,1009237.0,7886.0,7384129.0
RS,2021-05-08,Serbia,1402.0,695875.0,22.0,6478.0,,,6271.0,3860140.0
RU,2021-05-08,Russia,7639.0,4855128.0,351.0,112246.0,,,153392.0,130238734.0
RW,2021-05-08,Rwanda,70.0,25421.0,1.0,338.0,,,4530.0,1303996.0
SA,2021-05-08,Saudi Arabia,1090.0,423406.0,14.0,7032.0,,,65317.0,17097031.0
SB,2021-05-08,Solomon Islands,0.0,20.0,0.0,0.0,,,,
SC,2021-05-08,Seychelles,0.0,6373.0,0.0,28.0,,,,
SD,2021-05-08,Sudan,0.0,34461.0,0.0,2365.0,,,,
SE,2021-05-08,Sweden,5712.0,1007792.0,0.0,14151.0,,,46636.0,
SG,2021-05-08,Singapore,18.0,61286.0,0.0,31.0,,,,9906797.0
SH,2021-05-08,Saint Helena,0.0,0.0,0.0,0.0,,,,
SI,2021-05-08,Slovenia,606.0,245099.0,3.0,4587.0,52.0,13321.0,34794.0,3489832.0
SJ,2021-05-08,Svalbard and Jan Mayen,,,,,,,,
SK,2021-05-08,Slovakia,343.0,384660.0,34.0,11920.0,,,261474.0,35217225.0
SL,2021-05-08,Sierra Leone,0.0,4068.0,0.0,79.0,,,0.0,31285.0
SM,2021-05-08,San Marino,3.0,5079.0,0.0,90.0,,,,
SN,2021-05-08,Senegal,52.0,40544.0,3.0,1114.0,,,968.0,495502.0
SO,2021-05-08,Somalia,0.0,14368.0,0.0,745.0,,,,
SR,2021-05-08,Suriname,73.0,10696.0,0.0,212.0,,,,
SS,2021-05-08,South Sudan,0.0,10613.0,0.0,115.0,,,677.0,152551.0
ST,2021-05-08,São Tomé and Príncipe,3.0,2314.0,0.0,35.0,,,,
SV,2021-05-08,El Salvador,0.0,69997.0,2.0,2143.0,,,2487.0,892564.0
SX,2021-05-08,Sint Maarten,7.0,2247.0,0.0,27.0,,,,
SY,2021-05-08,Syria,70.0,23191.0,6.0,1631.0,,,,
SZ,2021-05-08,Swaziland,6.0,18467.0,0.0,671.0,,,,
TC,2021-05-08,Turks and Caicos Islands,4.0,2400.0,0.0,17.0,,,,
TD,2021-05-08,Chad,19.0,4847.0,0.0,170.0,,,,
TF,2021-05-08,French Southern Territories,,,,,,,,
TG,2021-05-08,Togo,31.0,13068.0,0.0,123.0,,,672.0,311819.0
TH,2021-05-08,Thailand,1911.0,76811.0,18.0,336.0,2435.0,46795.0,60262.0,4351770.0
TJ,2021-05-08,Tajikistan,0.0,13714.0,0.0,91.0,,,,
TK,2021-05-08,Tokelau,0.0,0.0,0.0,0.0,,,,
TL,2021-05-08,East Timor,84.0,2870.0,0.0,4.0,,,,
TM,2021-05-08,Turkmenistan,0.0,0.0,0.0,0.0,,,,
TN,2021-05-08,Tunisia,1410.0,317010.0,86.0,11208.0,,,4627.0,1328283.0
TO,2021-05-08,Tonga,0.0,0.0,0.0,0.0,,,,
TR,2021-05-08,Turkey,26476.0,4955594.0,356.0,41883.0,,,243648.0,47987986.0
TT,2021-05-08,Trinidad and Tobago,399.0,12105.0,4.0,189.0,,,849.0,132776.0
TV,2021-05-08,Tuvalu,0.0,0.0,0.0,0.0,,,,
TW,2021-05-08,Taiwan,13.0,1173.0,0.0,7.0,6.0,777.0,1401.0,210553.0
TZ,2021-05-08,Tanzania,0.0,509.0,0.0,21.0,,,,
UA,2021-05-08,Ukraine,8404.0,2105428.0,379.0,45830.0,19453.0,1731162.0,11817.0,9498958.0
UG,2021-05-08,Uganda,70.0,42102.0,1.0,343.0,,,2677.0,1017854.0
UM,2021-05-08,United States Minor Outlying Islands,,,,,,,,
US,2021-05-08,United States of America,42847.0,32210817.0,735.0,573722.0,,,800797.0,418273496.0
UY,2021-05-08,Uruguay,2921.0,209867.0,57.0,2918.0,,,8117.0,1828957.0
UZ,2021-05-08,Uzbekistan,452.0,93176.0,2.0,657.0,,,,
VA,2021-05-08,Vatican City,0.0,26.0,0.0,0.0,,,,
VC,2021-05-08,Saint Vincent and the Grenadines,7.0,1889.0,1.0,12.0,,,,
VE,2021-05-08,Venezuela,951.0,202758.0,18.0,2226.0,,,,
VG,2021-05-08,British Virgin Islands,0.0,216.0,0.0,1.0,,,,
VI,2021-05-08,United States Virgin Islands,0.0,3178.0,0.0,27.0,,,,
VN,2021-05-08,Vietnam,61.0,3091.0,0.0,35.0,,,3009.0,2482302.0
VU,2021-05-08,Vanuatu,0.0,3.0,0.0,0.0,,,,
WF,2021-05-08,Wallis and Futuna,1.0,454.0,0.0,7.0,,,,
WS,2021-05-08,Samoa,0.0,1.0,0.0,0.0,,,,
XK,2021-05-08,Kosovo,153.0,105821.0,4.0,2185.0,,,,
YE,2021-05-08,Yemen,12.0,6430.0,5.0,1266.0,,,,
YT,2021-05-08,Mayotte,40.0,20134.0,0.0,170.0,,,,
ZA,2021-05-08,South Africa,2073.0,1588221.0,46.0,54557.0,,,16752.0,10715773.0
ZM,2021-05-08,Zambia,45.0,91849.0,1.0,1255.0,,,6500.0,1406735.0
ZW,2021-05-08,Zimbabwe,30.0,38357.0,0.0,1574.0,,,1133.0,495983.0
